subject,Activity,Acceleration x (m/s^2)_mean,Acceleration x (m/s^2)_std,Acceleration x (m/s^2)_min,Acceleration x (m/s^2)_max,Acceleration y (m/s^2)_mean,Acceleration y (m/s^2)_std,Acceleration y (m/s^2)_min,Acceleration y (m/s^2)_max,Acceleration z (m/s^2)_mean,Acceleration z (m/s^2)_std,Acceleration z (m/s^2)_min,Acceleration z (m/s^2)_max,Gyroscope x (rad/s)_mean,Gyroscope x (rad/s)_std,Gyroscope x (rad/s)_min,Gyroscope x (rad/s)_max,Gyroscope y (rad/s)_mean,Gyroscope y (rad/s)_std,Gyroscope y (rad/s)_min,Gyroscope y (rad/s)_max,Gyroscope z (rad/s)_mean,Gyroscope z (rad/s)_std,Gyroscope z (rad/s)_min,Gyroscope z (rad/s)_max,Linear Acceleration x (m/s^2)_mean,Linear Acceleration x (m/s^2)_std,Linear Acceleration x (m/s^2)_min,Linear Acceleration x (m/s^2)_max,Linear Acceleration y (m/s^2)_mean,Linear Acceleration y (m/s^2)_std,Linear Acceleration y (m/s^2)_min,Linear Acceleration y (m/s^2)_max,Linear Acceleration z (m/s^2)_mean,Linear Acceleration z (m/s^2)_std,Linear Acceleration z (m/s^2)_min,Linear Acceleration z (m/s^2)_max
2,walking,-8.038594775894506,2.1432131010291924,-17.36650848,1.438684583,-5.521681053633371,3.443453576756504,-17.39522171,6.809374809,-0.0192504438338828,2.665309744656743,-9.405587196,12.17049408,-0.1635850132933305,1.2100689233009103,-4.148386002,4.366159439,-0.1793821205256083,1.4100459146855864,-6.522513866,5.735566616,-0.0121562612610706,1.411813509033111,-4.115246296,3.822336674,-0.7063972926084646,2.6869675624953167,-8.600751877,7.100476265,-0.8484575768368853,2.948094018772319,-9.698664665,5.514086723,-0.5712284195410184,2.096771438307022,-6.698792458,6.39458704
3,drinking,4.229932621365778,3.656449189909583,-1.884131927,10.58733353,7.43515151807623,2.897983186597719,1.462907867,12.4138353,0.2230009729812819,1.302738599734424,-2.890040131,3.42832077,0.0006084585591091,0.1605891822242489,-0.9764198065,0.7252840996,0.0165112010658842,0.2547393933568355,-0.7292095423,0.8021450043,0.0049761740544921,0.6982333622751744,-2.290853024,1.097751617,-0.0839766720480918,0.4061253969571952,-2.557463661,1.171304299,0.014567781693491,0.5655652808570982,-2.657391699,2.690778131,0.1455213185959831,0.250249182842867,-1.124812649,0.9965397942
3,walking,7.299925765302232,4.4138417443848255,-6.45652359,18.07775711,-7.194638849183117,4.703363684052895,-18.69163055,4.573140106,2.2752887613299544,2.8912567223952284,-2.340832214,13.35672455,0.2526800288010195,1.6139011766316047,-4.77748394,5.076142788,-0.3452616208200014,1.6935304273471905,-7.659683704,5.6638484,0.0077755783585888,2.765954335657224,-6.803324699,7.3032794,1.8351244671130296,5.071250489632325,-7.622794606,12.73639578,-3.0485703534688096,4.360025462709458,-11.83088427,6.826508499,1.093401066833446,2.5299076999663663,-7.160458188,11.25353253
3,drinking,-4.244961482731346,4.59766831559333,-11.54683823,5.838309174,3.718608254815485,6.617648961869331,-7.984246674,13.45656693,0.3088153081896579,0.960789709516448,-3.283871155,2.510579224,-0.0510030026225161,0.2859275428914006,-1.55222261,0.6264019608,-0.0107120875640276,0.359543427992185,-1.240087509,1.28823781,0.0061571382334901,1.338717260357008,-2.35218811,5.907262802,0.2160748033860631,0.7334714131603297,-2.538396183,3.11057664,0.1622066518888587,0.6831188516022262,-2.287886846,3.624479653,-0.0197961308017112,0.3272021041150294,-1.821865951,0.9842220497
3,walking,7.232209026441334,4.152669360224358,-4.356390839,16.16084335,-8.06799931847134,4.668776874282645,-19.7367572,6.929689636,2.3539482080137426,2.731297605883035,-1.467847595,14.02792877,-0.1060236466180994,1.1882991379522274,-4.481528759,3.301707745,-0.0619404022526137,1.1615221047953963,-6.085181713,3.823667526,-0.1000751159756132,3.025967541850546,-6.27858305,6.236496449,2.1429293741682565,5.756225111086997,-9.162767022,14.43825245,-3.3821329696416784,4.5762577411178,-13.50352007,6.542085312,0.7342548312178724,1.7339332445835436,-4.138116617,6.457164445
2,drinking,3.052359260185674,4.153497001690902,-3.723830223,10.76112175,7.762491801571453,2.836467732798811,-1.239482164,15.69811249,-0.8718908028772768,1.0959860767095138,-3.195614576,4.598406792,-0.0146628966426557,0.1834271964216968,-1.322065115,0.4946481287,-0.0150276762163653,0.2086380429680283,-1.672396302,0.8184067011,0.008497883425371,0.6181795374517448,-1.923767328,1.274723053,-0.0699290700412889,0.4442564233289258,-2.173290014,1.212012768,-0.0264281369996269,0.6797948530856185,-2.282364368,5.816944122,0.0750813062143448,0.2473541057665838,-1.09514761,1.475609541
2,drinking,-3.636406480594664,4.664976286333638,-20.77987099,21.31945229,6.1482815786798,3.833986322071352,-15.67059517,63.3260498,1.4345474418632418,3.437215148749724,-5.864210129,33.35056305,0.0149096015506845,0.8992857040169332,-4.184121609,5.358968258,-0.060380850621269,1.087548980392126,-5.785504818,8.831278801,0.0104604214519878,1.3527300980010937,-4.892114162,5.59659481,0.1672372545487717,1.1365749258616435,-12.77963352,7.233294487,-0.233635726720214,1.3526867211686526,-4.73344183,13.94151688,0.0729591060512115,1.0898070759335945,-5.335707188,9.99193573
1,walking,8.424855766619242,2.442930058288338,2.834734917,14.44212437,-5.834077113199396,2.6384817249136665,-12.89307499,3.682282209,1.303910550390127,2.201058585072881,-1.968033791,10.19241619,0.2608532894740886,0.8789321239347779,-2.343202829,2.334803343,-0.1279498137966036,0.9122340430158626,-2.569528341,4.785900116,0.0400423363755236,1.5719802708015238,-3.130608082,3.549203396,1.0707602860623648,3.5598633222607208,-5.48463583,10.78649521,-1.861902604914941,3.672314286924836,-11.84226513,7.264480591,-1.6363031606000789,3.3585837367133573,-6.797238827,12.03517342
3,drinking,1.991802277471574,1.6931737565353826,-2.459984436,5.571863251,6.999346627556998,3.687621258409341,-0.7649093628,11.65745819,4.214437550432558,3.2081092804460813,-0.1859133911,9.406738586,-0.0109786122138313,0.5299996596649252,-0.9711995125,1.607152581,-0.0692872644994491,0.4352398347023395,-2.012998819,1.828595519,-0.0042472047576018,0.4148928180186281,-1.543877125,1.313025951,-0.0317519186621756,0.5114282727568602,-2.053582483,2.869980673,0.0849931466705475,0.494958715553689,-2.375766989,1.970169613,-0.0841572527195096,0.3343273850348367,-1.240362547,1.490107945
3,drinking,1.121144701246296,2.415173855043195,-6.28692627,5.203778687,6.3173591654125305,4.105829744550732,-1.780397644,13.93961243,4.904013507273606,3.2037351322487964,-1.443448334,9.569450226,-0.0034168903514677,0.6758825994158884,-1.887185574,1.944644809,-0.0881584013444864,0.5244024286733319,-2.607881069,1.538985491,-0.0533116500436685,0.546203228201387,-2.770827055,1.161535025,-0.1080023489237812,0.5699059252645906,-2.496505853,2.441242063,0.1191980106984692,0.7313148328608527,-2.707947895,4.093449737,-0.1016398022808581,0.5019349312835283,-3.947275193,2.127357972
2,drinking,-2.138413802269676,4.966704717528375,-32.41078186,10.86401272,3.1834806937082134,7.632737846225531,-12.43729401,94.698349,1.3262737159597495,2.9445664581251867,-6.518048763,14.08475208,-0.0207817636653728,0.4773157735336146,-2.031279564,1.740355134,0.1298552336296987,0.867123711649651,-2.38115263,6.826266289,0.0185833838563169,1.9013649415010765,-3.576921463,9.09731102,0.7283457414807656,1.7269705345104205,-4.259870052,7.669363022,-0.028207256107821,2.2434974386836517,-7.880190372,12.44294453,0.0650927343841634,0.9824424390448648,-2.867547512,5.303101063
3,walking,6.760392427829005,4.119886483714991,-4.706812134,14.58432175,-7.195772464168287,5.104258003436212,-17.35805374,7.883356476,2.327897576306006,2.746875584680486,-3.221900024,12.83431091,-0.132458868144093,1.2905905536208686,-4.366099358,2.846538782,0.0498749520444046,1.1874626481380075,-5.313783169,6.376367092,-0.0338700354556907,2.7311782840987995,-5.802436829,6.251459599,1.6627031034792994,4.832640810796603,-9.094979081,10.94497262,-2.869975999336702,4.269727537236512,-11.71642034,6.42393121,0.7497892965154408,2.1303433255297053,-6.201354023,7.870948684
1,drinking,-4.181784485622758,4.461169266733962,-10.07031155,5.257966042,6.149521440839146,4.257628672371384,-4.472368717,12.7613945,0.6920007549944746,2.387341067573467,-2.468421936,10.56112289,-0.0072408320156229,0.5128761374338646,-2.771113873,2.658256531,0.1131334139101618,1.018113234206902,-4.688238144,6.623153687,0.0084616876047959,1.590172052917611,-3.796451092,3.284698725,0.8484929922702332,1.5553619580626734,-3.009613752,5.068480015,0.5180223583229346,1.2535590799776777,-3.430687666,4.459070206,-1.6497694009631128,1.9064570978359692,-6.432450771,4.95235157
3,drinking,-4.978980344571962,4.674836795527295,-11.03954315,9.601333923,4.663645762505781,5.112441061625384,-3.924239502,11.84546722,0.9891686033203404,1.3768543891760474,-1.493743744,8.255033569,-0.0376754978582959,0.2928212153057724,-2.831303596,0.9784170389,0.0525364162361145,0.390780712226951,-1.658428788,3.024595022,0.0538783390733303,0.9039248897978788,-1.780711532,5.545827866,0.0819183113758063,0.5607844683719793,-2.333257731,4.620587922,0.0721232311939896,0.5385760029644738,-2.069048953,2.075120117,0.062073927145136,0.3340468436460622,-2.069776931,3.304395466
1,drinking,-3.8768788338278553,5.159265655982506,-10.22593498,6.517316341,4.749704047905698,5.068054899433558,-6.459855556,12.54591656,1.169582419966684,2.871287600572926,-2.928108692,10.71914005,-0.0582135488052147,0.5017018151587428,-2.504776478,2.20804882,0.0298584241399189,0.8023451185979448,-3.972685814,4.959385872,-0.0263692166817822,1.6557023323693718,-4.240855694,4.051640034,0.2453629786744076,1.0810105018393623,-4.260623455,3.314598322,-0.1548571041988697,1.0314229316440966,-3.003062725,2.772049904,-0.3438347609981891,0.7743414459334842,-2.328518391,2.86303091
2,walking,7.510136933546459,3.8987896395573234,-9.223732948,14.34676647,-4.786254524921264,2.7915823025856352,-10.21316528,6.562315941,2.448071408129747,2.243223591001486,-2.37786746,12.11545944,-0.053219973727793,0.912146009043387,-4.507727146,3.268892527,-0.054422376333373,1.3129673142092373,-4.43686676,6.943705082,0.0342782168810764,1.390656505160936,-3.965737104,3.959170341,0.1810551616036561,2.713187445975388,-4.381864548,8.307917595,-1.4002436831435183,2.4506175962178904,-9.196516037,3.095127344,0.906968963031567,1.433261153280582,-7.845920086,5.125792027
2,walking,7.506058029190788,3.454735383415348,-5.916851997,14.70987701,-5.377957352580218,3.0684128911300053,-12.27278709,7.136593342,2.600052324121674,2.3938653787227206,-2.406581402,18.45404625,-0.1962971491430937,1.0362994569677746,-5.507561207,4.700913429,0.0234029859256775,1.346742650932646,-5.439449787,3.925114632,-0.0086108414108985,1.6225493116923353,-3.713907957,3.995669603,0.0310951866161703,2.805438868919345,-5.503494263,7.550567627,-2.584403086308574,3.1611672802482955,-11.20337296,4.538094044,1.735332678076949,1.9629489212385216,-4.483852386,8.3548069
1,walking,7.77271042248387,2.8354446080956826,1.065419793,17.17181396,-7.079078569231693,3.4428664220375698,-13.00799751,5.363311291,1.306510317232041,2.060622568333597,-4.041412354,10.42465305,0.0305092434805682,0.8930666405261656,-1.954157948,2.98652029,0.0225045170267155,1.026989969503163,-3.561497211,4.682740211,0.0314120451950451,1.9931109431364984,-3.631059408,3.496516228,0.7403662123951049,3.811725640806208,-7.702241898,11.49464417,-2.806957977935119,3.387288101762321,-11.01350689,4.705270767,4.096958446003604,1.933701207187939,-3.138287306,11.59271145
2,walking,7.726304165040105,3.3041506459523933,-5.113461971,13.51466274,-5.852773689659868,2.673790778140254,-11.01177025,4.338187218,1.3702150659479018,2.5907505003651106,-3.276970625,13.5595274,0.0078700358326446,0.748028359916715,-2.829222441,1.942856908,-0.0158969222162599,1.3618684292236871,-3.822183847,3.642436743,0.0428697282753152,1.7570838776757058,-3.071430445,4.411210537,0.8116082696994567,2.9825320924041216,-5.039873123,9.393836975,-1.7378098592290887,2.926203594077597,-8.95664978,3.909537554,1.352974772689336,1.7188781313384909,-4.431525707,5.676819324
2,drinking,4.1315915410777935,4.493982771030397,-10.74138069,9.945767403,6.115090121323085,4.3623479432067445,-3.531208038,38.9533577,-0.5520780170209846,1.981327447539049,-10.3974123,14.94437408,-0.0279003762955802,0.4091496689318612,-3.215900183,1.898416519,0.0095968194899745,0.7014585344544867,-5.05613184,4.133266926,0.0675352791258057,1.043526751156343,-2.767524958,4.665941238,-0.2012512378245953,0.6229534370917928,-2.568475246,3.247380733,0.0556489154453468,0.7990117453728253,-2.730940104,6.893429756,0.0580114339836859,0.6007414333373288,-6.291653633,4.147379398
1,drinking,-4.283195478728798,4.739070549609921,-10.74787045,6.419154167,6.1408649161263655,4.14591157708458,-3.904942989,17.60516357,0.7854685133313039,2.1760798430286887,-3.184288263,10.48929691,-0.120086832773895,0.4724420695613058,-1.928730607,1.488449574,0.056225104299526,0.8238564405740814,-2.446133614,5.440747738,-0.0151156089265227,1.3263552966129937,-2.198122263,4.529947758,0.2755408122292371,1.0967031152484483,-2.528759003,6.457086086,0.3924751812777317,1.336174281664109,-2.828357697,7.986445427,-1.847833686673272,1.5327985119873486,-5.06795454,3.674456596
3,walking,7.80235852289162,5.605244188234414,-6.989265747,22.46438507,-7.788934406494568,5.554596606085555,-24.52350311,6.190826111,1.8698386990473843,2.9989384623225512,-5.75687851,13.80384476,-0.0640711947944331,1.2838337140662208,-3.303215027,4.739974022,0.0294629548362307,1.3733277184596138,-6.624976158,5.768764496,0.0316581013503799,3.4951623277739827,-8.048820496,7.341862679,2.7604533803328706,6.291897423850188,-9.812959861,16.10044162,-4.390890786823676,5.350349470509312,-18.67819131,6.465099117,0.9141017313289106,2.229310994676752,-8.844916472,7.337604264
1,walkingwith,0.602578392012888,0.7677284641160604,-1.290474772,2.851494312,3.760644931830072,0.9885620650016564,1.778891921,6.364087582,9.017322976798043,2.2312026367994404,5.413589478,14.06623459,-0.0042605538742413,0.3322045008375788,-0.9728028774,0.9489791393,0.0112654456509972,0.287039737733641,-0.9368382096,1.159651279,0.0142874744163235,0.267072409054035,-0.6278167367,0.5871942043,-0.6333389380370589,0.7440123541500379,-2.026711226,1.468070269,-0.7945632719872183,0.7715204286758349,-2.265324831,1.254959583,0.4597735579128097,2.281250682177522,-3.45663023,5.420966148
1,walking,7.69230957613786,3.0161114239465947,1.759738207,17.4303875,-7.3832912995388895,3.553287663861956,-15.44559383,7.146991253,1.321046662404029,2.170994080637607,-2.506729126,14.55465126,-0.147368368131927,1.082335994141814,-2.65779829,3.052570105,0.2122703804571034,0.8807444975186476,-3.03378582,3.845778465,-0.0388230578029276,1.846698629402792,-4.03835392,4.256585598,1.4124948232908776,4.530974331428862,-6.563758373,15.04025269,-2.731216164779108,4.249561293252795,-10.95390892,5.56737709,-2.1935840739944696,2.958898096863976,-8.847129822,6.808438778
3,walkingwith,-0.8270340132891493,1.7136482065226848,-5.794749756,5.712870026,2.1749652212784696,1.329139584146641,-3.475921783,5.232219543,9.480722467874669,4.14337487211042,1.500180359,19.04429718,-0.0237152722278428,0.7076161762776032,-2.054961443,1.668590307,0.0494895953429841,0.651322170228089,-2.283118725,2.726477623,0.2542940893661535,0.7502208926702283,-1.257635355,3.7010355,-0.39357066907896,1.1453852182112023,-6.226958395,3.806744381,-0.2726977857661982,1.0031170439943289,-4.231913558,2.566287986,0.1091911564222073,4.036084277407042,-7.71780192,9.243432285
1,walkingwith,0.502906124743494,0.6342739402389913,-1.063025594,2.901772499,4.23213244553983,0.9261103608442658,2.236184359,6.392817974,8.82727026577288,1.76923961334772,3.852270603,13.80526638,8.989944392417093e-05,0.27966681986718,-1.0585531,0.8668941259,-0.0115255676951403,0.3187720263828623,-1.64284575,1.057178617,-0.0250577626487332,0.2400506665826269,-0.8804095387,0.6534730792,-0.0841095468428586,0.6874776599605583,-1.610784292,2.325357199,-0.4523122600608619,0.8348754778945638,-2.087897539,1.507390022,0.257653965148627,1.7680996881108129,-4.827118397,5.093564987
2,walkingwith,0.1348927374565256,1.6963358970962843,-4.02652216,4.502095699,3.518346771746186,1.4313090770458758,-1.094118118,6.888338089,9.036286275327251,3.132096881482856,3.143570662,18.68076706,-0.0283391284604908,0.472115959207115,-1.551597714,1.433547974,0.0025472509905696,0.5663377418686107,-1.867720485,1.741576791,-0.0488853178360802,0.8806071758338693,-1.883602977,2.079690695,-6.725510023166115e-06,1.2205574467824685,-3.133845806,3.419274807,-0.6863822485582276,1.4750484126845318,-3.811130285,2.490391731,0.2250570564154038,2.9809097150959767,-5.207602024,9.300033569
1,walking,7.064465363415384,2.770894086746148,1.230619669,17.70811462,-6.895518160893077,3.5514629138539995,-13.75738239,6.344933987,1.0284759600025202,2.252741229198158,-3.107673883,11.42303562,-0.009700422435452,0.7219143627933178,-3.654195786,1.762957096,0.0282096413789508,1.150188883495131,-4.932278633,5.263673306,0.0221644234214894,1.5908766789070483,-2.621910095,3.653508663,0.8464307367061686,3.5839916944701256,-5.934171677,10.54170609,-1.6173340877060975,2.9256836411361915,-9.012665749,4.316592693,-1.4572683911818014,1.5480607023732529,-6.696990967,3.822896004
1,walkingwith,0.3846976028808138,0.7373757999538212,-1.683123827,3.193865061,4.675122387617886,0.9347273605908566,2.808398485,6.909965515,8.606346820086177,1.6817044777200003,4.534617901,13.4197998,0.0005875792138832,0.2947375873383515,-1.06832695,0.8650615215,-0.0289950992253368,0.3053960331553737,-1.084514856,0.8048913479,-0.034152734166503,0.242995706715433,-0.849255383,0.5850561857,0.4099949839259873,0.637849494536879,-1.430230975,2.61916995,-0.4223114429939708,0.8658352066639896,-1.922408104,1.877237797,0.2923710238864735,1.6955342250591388,-3.632064342,4.813465118
1,drinking,3.012999953595462,4.839217394216948,-7.56358242,10.01524544,5.367376374083499,4.600227503998969,-6.526893139,12.27537155,2.072626488030564,3.484861517524929,-3.45722723,9.510068893,-0.0462215621609463,0.6436788706335755,-3.809202909,2.147954941,-0.0014672064084793,1.1676826460149516,-6.991047382,6.050925732,0.0260231431250166,1.456174808163865,-4.291786671,3.898083925,-0.3063417722660027,1.0992375033350947,-4.809860229,1.871124744,-0.0780439121870089,0.9505009528848668,-2.759223461,2.70330286,-0.3703759603896436,1.2261516142506603,-4.229958057,3.796597004
1,walking,7.908881895936689,3.3991773318060123,1.496376038,22.46060562,-6.960437650569039,3.3322887060430726,-14.23143387,4.558559895,1.450328086407659,1.953856608149695,-2.327163935,9.82610321,-0.0553380543132388,0.8175408877427077,-2.483778,2.295020819,0.0496796291942049,1.2633441458538828,-4.670217514,7.198283195,-0.0308553928239214,1.95053068025792,-5.270010948,4.149531364,0.9376660369449497,4.182291701475403,-6.295944214,17.16027832,-2.794647275992824,3.430744846579334,-12.79859543,4.652199745,3.894385467386548,2.185807771575061,-6.990057945,9.775006294
2,drinking,3.706492025865058,4.770542120924091,-39.47977829,10.05882835,6.0397576226880965,4.551884379030007,-3.781856298,69.40621185,1.2039042101182558,1.8381366648700697,-12.48873997,18.30210304,0.0368596706168579,0.4321609934401065,-2.489275932,1.726916075,-0.0378588094784749,0.8322220343084415,-9.785756111,4.916854382,-0.0678480569761815,0.9475684212615016,-4.505742073,2.006081581,-0.1831443763476808,0.6964708563065773,-5.206605434,4.368757725,0.0292522973156755,0.7162342904106899,-2.910523891,2.815355062,0.0143063076956694,0.673830364816705,-6.907548904,6.038965225
1,drinking,-2.792677768606503,4.541165265423577,-10.34325027,5.772719383,7.563663783747402,2.8780361039134883,0.6943184733,12.26340008,0.7496727495323396,2.236038486742244,-2.188300371,8.425495148,0.0144509938894519,0.4172166333006731,-1.430875421,1.537318707,0.0265175691594721,0.7775972854954024,-2.076789141,4.448473454,-0.0197937925669201,1.2497017679374316,-2.852664232,2.921844721,-0.3090320454289357,1.0695682412594487,-3.62498188,2.323047638,-0.0194409836152586,1.410025006508938,-3.538118124,4.602026463,-0.5031876191187743,0.8992419697273144,-4.384927273,1.660430908
3,walkingwith,-0.9914896462252544,1.798301876707506,-9.839937744,6.080206146,2.20431834827556,1.47887678908248,-5.397326202,7.107819214,9.439728032909924,3.8302735903453713,1.57023468,18.3299826,-0.0030134985508908,0.8142547066785655,-4.456302166,2.024819613,-0.0989736566417782,0.6593088845352002,-2.788834572,1.513255358,-0.1519254291055137,0.9814675828897076,-2.927303791,3.69055748,0.0115452365742245,1.3786697755090396,-9.87762071,3.478369136,-0.215853759861788,1.2764763077890942,-4.860414981,4.299683664,0.1392255138738522,3.708735276633582,-7.77828318,8.52971705
1,drinking,1.524381513365539,5.072675982558349,-9.943418503,9.91468811,6.820593955871236,4.118272813981175,-3.739742994,13.38867474,1.2585310439974862,2.5586369557432063,-2.703053713,12.1029892,-0.0306593442942617,0.6169298814794372,-2.88106966,2.7413342,-0.040249071344383,1.165826852884965,-6.072229385,5.872018337,0.0084607492114723,1.5602624604433477,-4.049044132,4.385783195,-0.2466020743164279,1.724260945712137,-8.0677948,5.446818829,0.6919065069668386,1.5726641846232414,-2.960833788,5.99581337,-1.8221544221498047,2.884509323721593,-7.146775246,4.991434574
3,drinking,-4.19526404648981,4.078479671685755,-10.74974579,2.764301605,6.944538835600062,3.296594184933159,-0.1209484863,11.60521683,-0.2257651745107091,2.0331393620295164,-2.191442871,7.638016663,-0.0466119260028103,0.287274779911347,-1.746772885,0.8086098433,0.0930320769599402,0.3580320554414692,-0.5722386241,2.150592804,0.0313466901664646,0.7227398106946513,-1.349585056,2.089001894,0.0981100780657011,0.6526916178649893,-2.651203006,2.750331438,0.0830619970121997,0.6261879463501575,-3.364114249,3.919217328,0.0069916583534993,0.2982606425541625,-1.795755941,1.570030028
2,drinking,-2.109918416118433,4.1424004029157215,-12.39302635,7.815557003,7.724001574797829,2.5434892445700195,0.8129615188,27.89492798,-0.1829942068435114,3.384344241438132,-71.47779846,44.09912491,-0.0374899838819353,0.7114565623142138,-3.955047131,3.71009016,0.0263006641117206,0.7691439733638614,-5.797264099,5.2778759,-0.0266493136331892,0.7561004403146677,-3.111747503,2.888018131,0.0661195953396289,0.7826069624387678,-6.881635666,3.556623936,-0.1153101943112159,0.7831468645424642,-4.041613579,4.861605644,0.0588537784405869,0.9527282334357524,-15.11585236,6.498156548
3,walkingwith,-0.1633520435602989,1.1511753464868857,-2.828967133,3.845203857,3.4117242198471454,1.2299086790033429,-0.06167175293,7.625293121,9.184586227372924,2.651934797690261,4.165687408,19.02423889,-0.0251188829839976,0.4509865017242558,-1.461770296,1.364440918,-0.0281799612305469,0.4888643106079963,-1.732877016,1.933791637,0.002355118288261,0.4130142689323187,-1.333043098,0.9908751845,-0.0252292217316336,0.6222125778157924,-1.66029832,3.971807771,0.0486224600273113,0.9982264395268512,-2.085121341,4.114082807,0.0291749235799426,2.597038206966661,-4.87432843,8.153342303
3,walkingwith,-0.0750343850344671,1.6419155722325078,-4.455185394,4.915328522,3.110100032765977,1.410491590100624,-2.138153687,6.877298584,9.22576709415725,3.6454861157278233,1.784738617,19.29113388,-0.007830559321959,0.787353767112602,-2.890405178,3.141718864,0.0448249820206519,0.685592749611666,-2.078119993,2.280932188,0.0637172785581772,0.9413117337581908,-2.3312428,3.181193352,-0.0233841832885125,1.4014975892017143,-5.220483597,3.91666268,-0.2092779333267257,1.1560897765603202,-4.66080244,3.05934129,0.1367451532001084,3.4487298177417656,-7.285441253,9.634550786
2,walkingwith,-0.6089247991685749,1.563243994654113,-5.565107346,3.204587698,3.3692489618767887,1.5742094056545053,-1.005583763,7.200601578,9.050619997221888,3.2650258933412086,3.393022537,18.38106537,-0.0212533877268977,0.4363443609252668,-1.214247346,1.209055066,0.0204099556861273,0.5026080108117289,-1.716989517,2.109928608,0.0357658479314663,0.7943733160263556,-1.412320495,1.906663179,0.7397063354039063,1.0103942598831397,-2.28669548,3.07394743,-0.7947716905534424,1.650553591446415,-4.940312862,2.694664955,0.3722885685127571,3.1202916139228463,-4.820990086,8.813838005
2,walking,7.203097408237593,3.633711361760533,-3.978665829,15.6179533,-4.850694000545548,3.447340661388986,-12.35773277,6.192625046,2.560120955700135,2.583920309164734,-2.697907448,13.29392433,-0.0114724853193231,0.7419916499481596,-2.130239725,2.398257017,0.0151493798546896,1.0123158738061375,-2.570520878,3.213762045,0.0679481203125008,1.3389201327347922,-3.208722353,2.900846243,0.6785632999234366,3.025454793815056,-4.17681694,9.067781448,-0.5586167790380162,2.46195147370596,-7.075837135,4.472921371,-0.0295626684779967,1.3935340824973184,-6.018841743,4.513883591
2,walkingwith,-0.5613750370151057,1.6025482218821991,-5.604588985,3.683750391,4.359107350462025,1.3857968842110393,0.0,7.921439171,8.649079152899544,2.3754356356564688,0.0,16.1389904,-0.0338950998746544,0.2921684033071267,-1.052062631,0.7910705209,0.0245492347718074,0.5046892915860935,-1.539533138,1.844507575,0.0087884681142655,0.6733065045367843,-1.57145083,1.563814998,0.5160499374114752,1.0302289929553767,-2.420933962,3.575997114,-0.7115536750791854,1.3167928929938415,-3.327302933,2.394289017,0.3893690968349882,2.293648689939977,-4.115983486,7.174487114
2,walking,7.905025430151255,3.7309402932669697,-5.909673691,17.55733681,-3.354750870907313,2.913331768259011,-12.83569908,4.915455818,3.223310247519509,2.396868804784571,-1.889133453,11.3760767,-0.1255522546576307,1.047434719125285,-2.863736153,3.364034891,-0.1582033376049606,1.259954973948019,-4.883103848,4.396091938,-0.0246800226365565,1.5739479031439956,-5.073082924,4.856684208,0.777453889538371,2.940319684125459,-5.619704723,10.24739265,0.138246853234563,2.3432686605402755,-6.068681717,7.520844936,0.5563696573456605,1.5149017103642402,-6.555759907,5.053102016
3,drinking,-3.2478061277532144,6.396038673138196,-10.25352768,8.120463409,5.449857357346059,3.2704868767834947,0.5766009521,12.56831406,1.6902903802044926,1.81507955891398,-1.37129837,7.370822296,-0.0071235781038168,0.399793304586683,-1.755692005,1.863301396,-0.0783255392343388,0.819352001483925,-4.089292049,3.97013402,0.0104067067626476,1.563748086798246,-3.068167448,4.477547646,0.2482720029041824,0.5848988819536768,-1.501759107,2.226665329,0.0595066455066665,0.8295088660408076,-2.87606587,3.277729239,0.0100478383433871,0.5196801601255333,-2.178495381,3.442019042
3,walkingwith,-0.2302909737092246,1.9248543250257248,-6.3887146,4.960534515,2.7845413810612354,1.479207969037196,-1.259630585,7.009473724,9.322706447771044,3.4067673687987883,2.757415924,17.99542831,-0.0050595771212677,0.7996426615255183,-2.330844402,1.89575696,0.0640569818916063,0.7639525579536895,-1.90655899,2.284941912,0.0809665669631559,0.98240540392443,-2.382455111,3.464728117,-0.0482759224926802,1.597185877993815,-5.60285174,4.519588674,-0.197789090344833,1.0643909845486423,-2.704417931,3.632464903,0.1518072161912322,3.22925532561403,-6.555295342,8.59579468
1,walking,8.059392994210869,3.029752201154968,1.11569798,16.97309494,-6.109769827294486,3.271464295965484,-13.03672791,6.002563,1.0906879086189245,2.2173234107527624,-2.370259762,9.974543571,-0.0308586612644858,0.6793330162418952,-2.565634012,2.532647371,-0.0250719432495174,0.8735407254951983,-5.626221657,4.311334133,-0.0065743869248825,1.7123014002269143,-4.510094643,3.266830921,0.1244744453018097,3.4831003793145783,-6.074501038,10.32132816,-2.784867755211613,3.332024162246804,-11.91909504,3.688949585,2.097373743937276,1.4168102310618595,-2.944588184,9.601641655
3,walking,7.062441957575025,4.534748229439982,-6.714287567,18.00051773,-7.645684789757048,4.936596093060402,-21.75201645,6.813830566,1.6936398593418691,2.530103277201777,-6.011648712,12.38674164,0.1159915990987096,1.5436691682722044,-4.587610245,5.432523251,-0.2405780467395867,1.473033746486669,-6.668268681,6.324066639,-0.0487335019277466,2.9046227248468366,-6.72804594,8.40598011,1.7304761544348468,5.322001354911377,-9.112334202,15.32407756,-3.225840931660516,4.365076743194651,-15.8534447,5.797577469,0.9195171452140088,2.364922908164861,-5.884857688,8.100243153
2,walking,-8.287852203169729,2.869883233394318,-17.94497299,3.171088219,-4.577974311896937,2.283145938376414,-11.1128664,4.761716843,-0.1934069588335818,3.3144337471228185,-5.801996708,20.56272125,0.2576757920351011,1.1070870972037572,-2.709950924,4.148844242,0.0481407492210108,1.150212231937539,-5.75404501,4.953964233,-0.0828600267838753,1.34038098487887,-5.863695621,2.924669981,-0.551636107725576,2.443519316069556,-10.4813633,4.56303072,-0.6754123477573667,2.7410209424746306,-8.730989456,5.594984055,-0.5410229944175561,1.7616481235487529,-6.457918644,5.944867134
2,walkingwith,-0.1463904431865708,1.9095803694387576,-5.693123341,5.067998409,2.724507810228486,1.3058507083296909,-0.9535398483,9.169894218,9.281562936732517,2.729735787321874,3.757329702,18.82254028,0.0141672718712138,0.6094800368817317,-1.447750688,2.185981274,0.1405422205009921,0.5721551333418512,-1.707673788,1.396438003,0.3079353025198114,1.224121535454192,-2.47858572,2.599842548,-0.1037341183954999,1.4197201244553967,-3.893500805,3.721975327,-0.6335316727214443,1.3108078612368312,-4.600755692,5.416915894,0.159523448846942,2.569049629520569,-4.891764641,9.109160423
2,walking,-0.1190053974737703,1.757187868171978,-9.284749985,4.253840446,3.4218155950272293,1.366111708984202,-2.9491539,9.696913719,9.1128702713784,2.6081308628272573,3.157329559,18.0335083,-0.0611983668051626,0.6820292445044787,-2.23668313,2.253634691,-0.1421061871275215,0.7402199998164918,-2.831971169,2.352900267,-0.3150538113219661,1.2289587303385725,-3.725819826,3.919005871,-0.1407158309973948,1.340010308758391,-7.017744541,3.131757259,-0.6846521287222032,1.5276000624846957,-4.7715168,5.131296158,0.261489525276069,2.403787061030858,-3.663238525,8.580395699
3,walking,-9.22059221003772,5.414363231010362,-23.50876328,6.57118515,-5.948337732992808,4.320189045121954,-17.93749878,11.2446167,2.080777705894621,3.191718471282753,-4.265380096,19.76474899,-0.1086783679128048,1.2425264334120758,-2.830600977,5.639062881,0.033586539888825,1.5764760352361242,-4.948254108,7.993494987,-0.0046792500154504,3.0636916421754616,-6.882485867,6.205172539,-3.1841373433999616,5.594255926767469,-17.93551774,7.599292892,-2.768402537800964,5.534651408727624,-12.95664519,10.31643787,0.8870797910325855,2.540650455812252,-9.498107763,13.61761328
2,walkingwith,-0.2890879726563605,2.0302112230413223,-6.05264473,5.63090992,4.144906722225413,1.6848117237789662,-3.207578659,8.139784813,8.68383564299629,2.072253781150918,3.437887907,15.50249958,-0.0263137001688663,0.580087095507879,-2.350914955,1.958892107,0.0227594555208795,0.6288888687764554,-3.000264645,2.168724298,0.0817449970984062,1.0709405793988147,-3.071583271,3.314402103,-0.3803519660517775,1.3152729018148663,-4.167928219,3.41883564,-1.111198702183986,1.3104328857754977,-6.833730221,2.888054132,0.5642481985430297,1.8771074666341343,-4.116794109,6.834280014
2,drinking,-3.343387369617725,3.854257405535412,-11.137393,10.79880905,6.866961021829999,3.615983283265063,-1.571486235,18.2973156,-0.2313479682726671,3.391419229107399,-31.00380325,22.85025978,-0.0021258355156896,0.6525192564213858,-2.978579044,2.685668945,-0.034378537795141,0.4436376132677669,-3.069445133,2.199267626,-0.0088977330547829,0.6394702023952592,-2.206292629,2.774549961,0.5401604348641472,0.7576115946699189,-6.505852699,5.114940166,0.0627098559940735,0.7182169637648079,-5.71297121,10.80507278,-0.1926219776007623,0.8159421737211412,-12.0468092,7.450921059
3,walkingwith,-0.2879683416369482,1.9165701296072437,-6.283782806,4.967120819,2.4605131124304847,1.1751945945983353,-2.356399841,5.996230774,9.40120252015964,4.135568763881339,2.081870728,18.0460231,-0.0202976681021232,0.8071826693960857,-2.739930153,1.886496425,-0.0210794928301887,0.6728912220562622,-2.056157827,3.138055801,-0.0219501298412035,0.800477359065303,-2.171583414,2.56532979,0.0017677346733656,1.2483303414535416,-2.94470955,3.508792491,-0.2686168180872323,0.9210955780701487,-3.685608199,2.422218732,0.1319320484219748,3.992295411862024,-7.031629994,8.312925097
2,walkingwith,0.3211272056537425,1.6441395381794857,-5.134399414,4.955535889,3.62104861297577,1.485584961846839,-0.2967100143,6.865606308,8.91972611175366,2.5832074128898808,2.903690338,17.68535233,-0.0078508034157645,0.4201435338670365,-1.453401089,1.160491228,-0.1537876956295221,0.6320395236930835,-1.861459136,2.500424147,-0.3090760908615916,0.958694078392124,-2.31563735,2.397646189,0.0181460623616175,1.2744934039394795,-4.417251587,3.492994547,-0.3981678173522836,1.5648431273997094,-3.489364147,3.466714144,0.0426231596449695,2.461238069020581,-4.742767334,7.941429138
3,drinking,3.9452986923343296,3.757061092099825,-1.024619293,10.98400864,7.453442671052352,3.277655324489392,0.1254391479,11.81238602,0.4656465150188686,0.7882653183951887,-1.910626831,2.397863617,0.0178812670468526,0.1546438336701883,-0.5371582508,0.7100347281,-0.0009323920635951,0.2635274664956086,-0.7532116771,1.024105787,0.0014670290171916,0.7264143655471994,-2.746876001,1.273386717,-0.1144185048838753,0.4332743178672482,-1.882077216,1.313489288,0.0369279712736755,0.5906965697059743,-2.223743475,2.10029238,0.0872166493718878,0.2872812331002698,-0.8998457046,0.9788427575
3,walking,7.502189945126857,4.932504419004929,-5.714815979,16.05606125,-8.764105225840556,5.26607916851002,-19.66999603,6.423442383,1.9929096004348967,2.631567280714289,-2.001936951,11.32529892,-0.0219168953095981,1.107578531295366,-3.842269897,4.395102024,-0.1034785781928974,1.23448100745293,-8.75962162,4.148050785,-0.0355033374080128,3.632558306219064,-6.566332817,6.353724003,2.661398391406549,6.675533049395244,-11.84408728,15.21867682,-4.757526541655119,4.754207707254244,-14.01418314,5.722623181,0.8517563736831143,1.823035939644577,-7.70715531,6.680522236
2,drinking,4.291561240453656,4.684411137089434,-5.511268616,11.06560802,5.24606043620898,4.8913081978911785,-5.680561066,13.00558949,0.3323403551178875,2.327289436457103,-4.110869408,8.819346428,-0.0193543537432861,0.5727108759477353,-3.421456337,1.704161286,0.0145638573131882,0.7202936805692407,-4.525289536,2.23622489,0.0031361502621105,1.0885794461461322,-4.682892799,2.807536602,-0.194275616253484,0.6705039603805861,-2.084353924,4.293148518,-0.0572134117872299,0.796977043914069,-3.001629353,3.217162132,0.1018962402930964,0.5815087949450843,-3.442324638,3.5740242
1,walkingwith,0.4657074708347395,0.7233804963371112,-1.529894829,3.251325846,3.61025941211686,0.9763338354520088,1.572990537,5.822998047,9.122684036789474,1.9821423142860068,5.293879032,14.21228027,0.0278527279702354,0.2655485693605415,-0.7775551081,0.9127090573,0.1152789984148753,0.3440098679090353,-1.593976498,1.472567081,0.3148023131316209,0.3541786442508156,-0.7824420333,1.126511812,3.516533482825156,2.8681687170473054,-5.184993744,7.38215971,0.5912494394235994,3.455218272380668,-5.821136951,7.68335104,1.3711442478591274,2.279171320551681,-2.960187435,7.963890553
1,drinking,-4.437943022446938,4.359235142884771,-10.17565632,5.104737282,5.30164659736493,4.709433061301735,-6.502951145,13.10615921,0.8063033405695903,3.2612532897892668,-4.173093796,11.95454884,-0.0006794235696363,1.0283874718756043,-5.03895092,4.267580986,0.0104570405926408,1.3287075049019232,-7.702018261,5.470680237,-0.0348632214568253,1.6777232477735242,-3.087236643,5.006727695,0.5273212471494431,1.0737286511153523,-3.407875776,3.111013651,0.1840828309344654,1.1579160569066451,-3.398406506,5.322592735,0.1271724662002431,1.0498064541204517,-3.061650276,5.090868473
2,walkingwith,-0.2877156485181984,1.640688120284954,-5.331208706,3.273381472,3.623203315962508,1.3507120178939862,0.1830509305,7.984251022,9.010712906030568,2.9764396710339414,3.075375319,17.34676743,-0.0139803107765453,0.3659094615302655,-1.573283434,1.10673511,-0.0240584438193991,0.5016764762112634,-1.527010441,1.525635958,-0.0675684832895268,0.818448450443962,-2.770273924,1.618487477,0.6161301176938018,0.9968794247400554,-2.67415309,2.801116705,-1.323459213353415,1.4417250234935566,-4.768065929,3.988853693,0.6409440509234722,2.8881215158813283,-5.232663155,8.245663643
1,walkingwith,0.4990194194733249,0.8523165752429661,-1.496376038,3.349488258,4.1316645889600725,1.14599863720018,1.379060149,7.173327446,8.866362213931941,2.1580970515828883,5.025728703,15.15589523,0.0158395664569978,0.366065421564638,-1.034729362,1.169272423,-0.1374018891907079,0.4224483683339559,-2.241493702,1.037020087,-0.2861975103102561,0.3839062008386197,-1.528308511,0.7227299213,1.8987642796690911,3.152016095681016,-5.669003963,6.406352997,-0.2727519827480071,1.9418074231040665,-4.846824169,4.60794878,1.1407053635373656,2.3999733715238163,-4.417778492,8.91705513
1,drinking,-3.4645854783041146,4.461178877710677,-11.77258873,5.272331238,5.947499257696906,4.785178397266282,-5.272331238,15.35221958,0.8062387378136503,3.146979541525499,-2.806004286,10.35043335,-0.0095935671781942,0.4474808359223903,-2.679102182,2.855336905,-0.0097455277499419,0.8417096289971008,-5.289787769,6.287941456,-0.033214950008565,1.5720759342180184,-4.896543026,5.36049509,0.3414002823081652,1.2331331248691353,-3.52075386,5.36306572,0.0117091200728061,1.3856642546224662,-4.165266037,5.549013138,0.024155845289639,0.6153443357258248,-3.118155956,3.380984783
1,walkingwith,0.5734422198391702,1.1494705061182964,-3.598485231,3.481169224,3.675496955396973,1.0466306679898798,0.6200982332,6.016928196,9.026130832967944,1.8942307835595693,5.763142586,14.93802261,-0.0117715866377059,0.4722163166467761,-3.133051395,3.760562897,0.0106980996641936,0.3731320790164359,-1.039921761,3.32776475,0.0007001800518173,0.3479050456170965,-2.308001518,0.6840163469,0.2277604479494884,0.8192800216267904,-2.440515041,2.442908287,0.2897820322585911,1.1340608902293183,-2.060768843,4.088886738,-0.1528652251198377,1.9227496080525244,-3.234268665,5.71384716
3,walkingwith,-0.0679978560409888,1.809110351678222,-5.047054596,5.728437653,2.3713114156407338,1.3450647710832175,-1.498234406,7.13281723,9.42644122076897,4.1480785712908,1.966610413,19.46372498,-0.005438008202689,0.9043623479534524,-2.836648941,2.377995253,0.0188708041765029,0.7550012149267233,-2.834435225,1.853348494,0.2139543047334558,0.8756072361807344,-2.205098391,2.443886757,-0.2907302127555226,1.3450039866116823,-5.00329111,3.769239171,-0.392831511328173,1.2678711471715456,-3.064215236,4.504366325,0.1826526596570997,3.988942124170956,-7.058195064,9.697608329
3,walking,5.503128072391919,4.546107338147088,-5.228177948,13.93572052,-6.250107283407201,6.474238658841886,-21.53197403,6.875053253,3.714225516541591,3.4050452789193675,-2.481838989,13.87030655,-0.3198225799830568,1.4749564874132968,-5.550579071,3.145019531,0.0608060220098983,1.1931786052390414,-7.15440464,4.498054504,-0.0473459768072378,2.553847315062704,-5.42666769,5.513079643,1.3144578186879532,5.307217483107383,-7.915911434,12.73315525,-2.965719873881228,3.813293811901453,-12.1925404,6.464930717,0.7320391433444676,2.780268908057012,-7.049524813,11.06015108
3,walkingwith,-0.059985692716633,1.480587857782203,-3.121309204,4.233496399,3.742432071098465,1.063918534058011,0.6128256226,6.404581604,9.06478869919964,3.020246822575884,2.424657898,14.6964386,-0.0037673905796893,0.5100729584406256,-1.6273036,1.66821909,-0.0378388028255937,0.6009070975519121,-1.480916619,2.035538673,-0.0917787024751806,0.59047636903684,-1.409630656,1.589754701,0.0956063752457882,0.9785494694918117,-2.156743155,3.237793049,-0.1300341935942038,1.0369735925860144,-3.442813094,2.232639721,0.134456882378373,2.914755367790379,-6.387132928,5.415628572
1,walkingwith,0.7534446862525468,0.8737615808027616,-1.522712231,3.167528868,4.0350859572687074,1.2307262749867744,1.623268723,7.108684063,8.924214805798469,2.6528171947670915,4.335899353,14.9021101,0.0006451486134233,0.3366539583914912,-1.277166486,1.179733515,0.0021764676879173,0.2834119246343505,-0.9233227968,1.232420683,0.0116531891152278,0.2795119165212351,-0.6736316681,0.8779660463,-0.2788102986589722,0.7436485743885817,-1.82617116,1.974359274,-1.1544352914071123,1.075847649381524,-3.125110626,2.088374138,0.6982887619804344,2.7071360188907305,-4.108055115,6.439979553
3,drinking,-2.533714511235241,4.177337541939599,-10.08213409,4.26612854,8.043792318264202,2.4635871967586107,2.051633606,12.00533478,1.0478506854469267,1.1810521509958538,-1.137185211,3.987557831,-0.0371801172581241,0.1863684591767291,-0.8944947124,0.6104076505,0.0161601170966374,0.3512142668764636,-2.158687592,1.145172358,0.0093444135670768,0.7120219085646332,-1.389835835,2.68451333,0.0890349816786106,0.4205953033530359,-1.442266904,1.889978705,0.0411385378162582,0.5910335033789944,-2.394022581,2.292885046,-0.0651254930449388,0.223024912924402,-0.9122725727,0.9623493701
3,walking,7.172967901705476,5.574010570152105,-6.436016235,20.24045975,-8.260928058936816,5.763637068819072,-20.02999741,7.265142059,2.992592433645494,2.8408466490305795,-2.185305634,12.38030502,-0.0869182850975093,1.2195799747620188,-4.035783291,2.806515932,-0.15359501580135,1.6953753000959348,-7.568659306,5.499716759,-0.0302347475244867,3.559469734212168,-7.112233639,6.025149822,2.676316391969789,6.850870441127829,-10.07105245,20.26606354,-4.71270578615908,4.747740823588096,-18.93854327,6.053220661,1.2592033045362427,2.351486375959438,-8.91262489,7.319063913
1,walking,7.428543419660794,2.4860053478642565,1.45088625,13.17080307,-6.686130719912669,3.2684748965451984,-12.03834534,4.345476151,0.8948985413252705,1.99206443293622,-1.752555609,8.913911819,0.0202366614136378,0.657184685215014,-2.855794907,2.651766062,-0.0188347417840328,0.9510363852966224,-4.48573637,4.465883255,0.0135948483660934,1.5186419980548456,-3.226666689,3.145879745,-0.0233121297453445,3.2785376057187503,-7.654211998,7.388772011,-2.1557331236806285,2.986610376392053,-8.21229744,5.157619953,0.2129946456378224,1.3093889884907846,-5.781033516,5.891849518
2,walkingwith,0.24402325184648,1.4324471510774643,-3.572484255,3.99601388,2.904338536224901,1.342306198147802,-1.167099237,6.208776474,9.275593447465956,2.284136202972664,4.195216179,16.31127357,0.0049082369651137,0.4375219640837073,-1.015563488,1.585195303,0.1156221714617816,0.5128939992441666,-1.254259109,1.694387436,0.3860719757895703,0.9747518233326948,-1.475697756,2.468964577,-0.3663663556685742,1.0636363618038729,-3.707252026,2.44585681,-0.3179809603281789,1.2921099395653188,-2.972067356,2.638840199,0.0923049985203291,2.1687286156595853,-5.030704021,6.607773781
